{"cameraMode":{"drawMode":0,"name":"Shaded","section":"Shading Mode"},"sceneLighting":false,"audioPlay":false,"sceneViewState":{"m_AlwaysRefresh":false,"showFog":true,"showSkybox":false,"showFlares":true,"showImageEffects":true,"showParticleSystems":true,"showVisualEffectGraphs":true,"m_FxEnabled":true},"in2DMode":false,"pivot":{"x":-0.06652824580669403,"y":1.1524617671966553,"z":-0.006852626800537109},"rotation":{"x":0.00006795339868403971,"y":0.9998603463172913,"z":0.016189372166991235,"w":-0.0041985297575592999},"size":3.9778764247894289,"orthographic":false}