{"cameraMode":{"drawMode":0,"name":"Shaded","section":"Shading Mode"},"sceneLighting":false,"audioPlay":false,"sceneViewState":{"m_AlwaysRefresh":false,"showFog":true,"showSkybox":false,"showFlares":true,"showImageEffects":true,"showParticleSystems":true,"showVisualEffectGraphs":true,"m_FxEnabled":true},"in2DMode":false,"pivot":{"x":4.243998050689697,"y":-1.7006934881210328,"z":3.3148937225341799},"rotation":{"x":-0.12299162149429321,"y":-0.009827482514083386,"z":0.0012175110168755055,"w":-0.9923589825630188},"size":14.299307823181153,"orthographic":false}